’46d1bb1,Yuu177,2022-10-25 16:35:19 +0800,update README’
’729a561,Yuu177,2022-10-25 15:45:01 +0800,新增 MySQL 索引’
’744a2b6,Yuu177,2022-10-21 18:40:31 +0800,新增：为什么 MySQL 使用 B+ 树’
’4276693,Yuu177,2022-10-18 12:01:39 +0800,更新新系统配置文档’
’b096f04,Panyu Tan,2022-10-13 16:05:23 +0800,新增 MySQL 内容’
’4cbeb26,Panyu Tan,2022-10-11 16:36:49 +0800,补充 go install 内容’
’e99f73c,Panyu Tan,2022-09-30 18:24:45 +0800,修改 consul 内容’
’f198bf5,Panyu Tan,2022-09-27 11:49:33 +0800,添加 PlantUML’
’7c345f7,Panyu Tan,2022-09-27 11:28:50 +0800,添加 MySQL 索引内容’
’9e9764a,Panyu Tan,2022-09-19 18:33:10 +0800,添加MySQL目录’
’9ee056c,Panyu Tan,2022-09-14 21:46:23 +0800,MySQL 索引的数据结构’
’4d1d140,Panyu Tan,2022-09-13 22:29:11 +0800,添加监控和灰度的本质’
’00b8ecf,Panyu Tan,2022-09-13 10:17:38 +0800,修改缓存模式内容’
’2716191,Panyu Tan,2022-09-12 22:56:16 +0800,新增缓存模式内容’
’66f5986,Panyu Tan,2022-09-12 13:43:41 +0800,服务器限流策略：漏桶和令牌桶’
’28f7d10,Panyu Tan,2022-09-11 18:22:07 +0800,修正 consul 内容:curl http URL 转义失败’
’f2d392c,Panyu Tan,2022-09-11 18:12:56 +0800,修正 consul 内容:ServiceID 是全局唯一的’
’fb742cc,Panyu Tan,2022-09-11 18:01:05 +0800,修改 consul 内容错别字’
’f7d4e1e,Panyu Tan,2022-09-11 18:00:16 +0800,修改 consul 内容’
’e272418,Panyu Tan,2022-09-11 17:49:18 +0800,补充 consul 的内容’
’73914d3,Panyu Tan,2022-09-07 14:44:47 +0800,补充 go help’
’564bf3e,Panyu Tan,2022-09-07 11:48:49 +0800,go get 和 go install 区别’
’23cab21,Panyu Tan,2022-09-07 11:36:36 +0800,interface & nil’
’ede62c6,Yuu177,2022-09-06 23:38:32 +0800,修改 go 优雅编程内容’
’56f254d,Panyu Tan,2022-09-05 23:43:37 +0800,补充 Kafka mock’
’f38067a,Panyu Tan,2022-09-05 16:57:12 +0800,新增 go 编程模式——Functional Options’
’03973b1,Panyu Tan,2022-09-05 11:13:38 +0800,新增 godebug’
’8a9ed43,Panyu Tan,2022-09-05 11:04:34 +0800,新增 go 优雅编程内容’
’918bcf1,Panyu Tan,2022-08-25 17:09:26 +0800,新系统配置修改’
’716216c,Yuu177,2022-08-24 00:16:20 +0800,wire依赖注入补充’
’08a2dbd,Panyu Tan,2022-08-23 17:52:48 +0800,补充 grpc 流’
’792ad9c,Panyu Tan,2022-08-22 14:32:17 +0800,补充 grpc pb 文件中 map 使用数组’
’e8c9603,Panyu Tan,2022-08-10 23:19:34 +0800,添加 grpc 内容’
’58fbabb,Panyu Tan,2022-08-10 00:03:58 +0800,新增 sqlmock’
’930442e,Panyu Tan,2022-08-09 15:13:05 +0800,更新 vscode 插件’
’9b42f9c,Panyu Tan,2022-08-09 14:55:01 +0800,更新 vscode 插件 carbon’
’6d8e264,Panyu Tan,2022-08-09 10:25:42 +0800,更新 go testing 的 README’
’f74225c,Yuu177,2022-08-08 23:20:40 +0800,更新 http 测试的方法’
’b49b49d,Panyu Tan,2022-08-05 17:13:21 +0800,更新 gomonkey 内容’
’46bc7e3,Panyu Tan,2022-08-05 16:34:52 +0800,更新 go 单元测试和 gomock 内容’
’a44df4e,Panyu Tan,2022-08-05 14:43:05 +0800,更新 go 单元测试’
’933c130,Panyu Tan,2022-08-05 12:05:55 +0800,更新 go 单元测试’
’ae4fc66,Panyu Tan,2022-08-05 11:58:44 +0800,补充 gomock 内容’
’d8741f1,Panyu Tan,2022-08-04 10:20:08 +0800,新增 Google 快捷键’
’de40848,Yuu177,2022-08-03 23:46:35 +0800,补充 gitee 做为图床问题’
’72b2043,Panyu Tan,2022-08-03 17:47:05 +0800,服务器限流策略——漏桶和令牌桶’
’feca65e,Panyu Tan,2022-08-03 14:28:04 +0800,MySQL 索引及数据结构初稿’
’70bfd9d,Panyu Tan,2022-08-02 17:59:53 +0800,新增 gin 框架相关内容’
’5f98355,Panyu Tan,2022-08-01 18:07:00 +0800,补充 golang json 内容’
’6321ad3,Panyu Tan,2022-07-29 14:39:20 +0800,删除敏感信息’
’631b0f8,Panyu Tan,2022-07-29 11:26:31 +0800,go httptest 补充’
’5f6d68f,Panyu Tan,2022-07-28 14:36:51 +0800,新系统配置’
’573862b,Yuu177,2022-07-27 23:30:36 +0800,go 命令和参数补充’
’12340f9,Yuu177,2022-07-27 22:32:09 +0800,leetcode 周赛’
’8d912eb,Panyu Tan,2022-07-27 18:26:01 +0800,补充 go 单元测试模板’
’dc058a1,Panyu Tan,2022-07-27 17:52:14 +0800,补充 gomock 嵌套接口例子’
’e5ea991,Panyu Tan,2022-07-27 17:47:59 +0800,[gomock] 补充使用 reflect 来 mock 第三方包的代码内容’
’cc07686,Panyu Tan,2022-07-26 19:32:23 +0800,添加 Mock Embedded Interface in the SAME Package 问题’
’af267be,Panyu Tan,2022-07-26 16:31:09 +0800,新增 go 加载项目报错问题’
’1cf7705,Panyu Tan,2022-07-26 05:04:24 +0200,修改 go 单元测试文档’
’818f2c7,Panyu Tan,2022-07-22 18:15:46 +0800,新增 vscode 配置内容’
’42b1db4,Panyu Tan,2022-07-12 23:30:32 +0800,新增 golang 踩坑记录’
’81dd526,Panyu Tan,2022-07-06 23:38:36 +0800,添加容器和 k8s 的内容’
’59fda25,Panyu Tan,2022-07-05 11:38:45 +0800,新增「分布式锁」OC内容’
’9096400,Panyu Tan,2022-06-28 17:30:24 +0800,闭包例子补充’
’46dbfdd,Panyu Tan,2022-06-28 17:26:11 +0800,补充闭包内容’
’7129332,Panyu Tan,2022-06-27 19:58:05 +0800,vscode debug golang 步骤补充’
’56d8c58,Panyu Tan,2022-06-27 17:54:11 +0800,补充 journal 日志内容’
’58a1ce2,Panyu Tan,2022-06-20 15:00:00 +0800,异构对象存储数据库迁移方案 & golang 信道和缓冲信道补充’
’566fc37,Panyu Tan,2022-06-12 12:22:42 +0800,周赛 & systemd’
’90b8904,Panyu Tan,2022-05-29 10:04:11 +0800,修改 typecho 网站搭建内容’
’c1e466c,Panyu Tan,2022-05-24 11:56:26 +0800,补充 vscode 插件’
’56196f1,Yuu177,2022-05-23 23:22:46 +0800,端口号 & https’
’64fd79a,Yuu177,2022-05-22 12:38:47 +0800,第 293 场 leetcode 周赛’
’cc76ac1,Yuu177,2022-05-22 12:16:17 +0800,补充 typecho 网站搭建’
’21311eb,Panyu Tan,2022-05-17 16:22:49 +0800,[git] 合并多个 commit 为一个 commit’
’0e9f185,Panyu Tan,2022-05-17 14:25:04 +0800,vscode 插件’
’f0183dd,Panyu Tan,2022-05-16 17:58:53 +0800,curl’
’65e0d98,Yuu177,2022-05-15 13:03:37 +0800,第 292 场周赛’
’52d74b4,Panyu Tan,2022-05-14 11:59:07 +0800,[golang 基础] 指针接收器和值接收器内容修改’
’49c412c,Panyu Tan,2022-05-13 15:50:12 +0800,移动文件目录’
’00d5e24,Panyu Tan,2022-05-13 11:13:08 +0800,[typecho] 修改内容’
’487e2a3,Panyu Tan,2022-05-13 11:11:04 +0800,修改文件名 & 移动文件目录’
’04d6dd8,Yuu177,2022-05-13 00:05:13 +0800,fix typecho’
’e5c2cda,Yuu177,2022-05-13 00:00:41 +0800,typecho 网站搭建’
’198175a,Panyu Tan,2022-05-07 14:58:01 +0800,golang 基础|交叉编译内容修改’
’8a3de47,Yuu177,2022-05-01 12:26:53 +0800,291 场周赛’
’b434a00,Panyu Tan,2022-04-26 19:10:57 +0800,[golang 高级编程] 并发模型 & slice append 分析’
’e33f7ef,Panyu Tan,2022-04-25 14:41:41 +0800,补充 kafka 高可用机制内容’
’72e0bfd,Panyu Tan,2022-04-24 14:50:46 +0800,第 290 场周赛总结’
’d302cb7,Panyu Tan,2022-04-23 18:12:40 +0800,修改 kafka docker 安装内容’
’7669715,Panyu Tan,2022-04-22 11:42:12 +0800,golang 高级编程’
’f0b0dbc,Panyu Tan,2022-04-19 17:42:48 +0800,golang unsafe.Pointer’
’c6d3634,Panyu Tan,2022-04-19 15:59:47 +0800,panic，recover’
’07a063a,Panyu Tan,2022-04-19 14:53:28 +0800,补充 golang internal 目录作用和交叉编译’
’0a6c715,Yuu177,2022-04-17 18:07:21 +0800,289 场周赛’
’26d8d57,Yuu177,2022-04-11 23:13:33 +0800,新增 gin/go-redis/gorm 中间件学习子目录’
’36d6552,Panyu Tan,2022-04-11 12:00:50 +0800,补充 http multipart/form-data’
’f9537a6,Yuu177,2022-04-10 13:01:45 +0800,288 场周赛 & 优先队列’
’677b0c8,Panyu Tan,2022-04-08 18:42:36 +0800,修改 go monkey’
’fa0e93e,Panyu Tan,2022-04-08 17:46:37 +0800,修改 & 补充 golang 单元测试内容’
’3383b4f,Panyu Tan,2022-04-08 11:20:58 +0800,修改 kafka 内容’
’aa5a28b,Yuu177,2022-04-03 14:09:25 +0800,287 场周赛’
’a81dd40,Panyu Tan,2022-03-31 17:57:31 +0800,补充快捷键’
’161076e,Yuu177,2022-03-30 22:17:15 +0800,kafka 优化图片名称’
’6b5c64c,Panyu Tan,2022-03-30 18:05:21 +0800,kafka 高可用机制内容补充’
’7af5606,Yuu177,2022-03-29 23:41:36 +0800,kafka 补充’
’5b76753,Panyu Tan,2022-03-29 14:48:59 +0800,补充 git’
’d953af5,Panyu Tan,2022-03-29 14:26:23 +0800,update README.md’
’139ffbf,Panyu Tan,2022-03-29 14:12:48 +0800,ansible 补充’
’4c647fa,Panyu Tan,2022-03-28 11:15:35 +0800,优化单元测试相关目录结构’
’b508ec0,Panyu Tan,2022-03-28 11:09:28 +0800,优化单元测试内容和目录结构’
’6d144be,Yuu177,2022-03-27 12:28:23 +0800,枚举算法继续补充’
’202aeb4,Panyu Tan,2022-03-25 19:04:49 +0800,补充 -mod=vendor 内容 & 计算机基础’
’7601057,Panyu Tan,2022-03-23 20:47:39 +0800,枚举算法补充’
’b8dc921,Yuu177,2022-03-22 09:55:02 +0800,算法/枚举’
’0d02d18,Yuu177,2022-03-20 12:49:40 +0800,git 问题记录’
’675769b,Panyu Tan,2022-03-16 11:54:05 +0800,添加 go web’
’bf2f35c,Panyu Tan,2022-03-13 23:15:08 +0800,git 补充’
’73d7090,Panyu Tan,2022-03-13 22:15:47 +0800,fix go mock’
’e5d6071,Yuu177,2022-03-13 12:28:57 +0800,周赛 284 场’
’f461450,Panyu Tan,2022-03-10 16:32:30 +0800,golang基础/defer’
’0b57fa4,Panyu Tan,2022-03-08 17:30:29 +0800,补充 golang 基础——slice append 误区’
’e786409,Panyu Tan,2022-03-08 15:17:56 +0800,补充 golang 基础——变量生命周期和逃逸分析’
’eb1c3ff,Yuu177,2022-03-06 21:23:17 +0800,补充第 279 周赛的设计位集’
’90ab93c,Yuu177,2022-03-06 13:24:42 +0800,第 283 场周赛’
’7dc841a,Yuu177,2022-03-06 10:31:32 +0800,添加 kafka 代码实例’
’ed34065,Panyu Tan,2022-03-02 19:36:47 +0800,新增 gRPC 的代码’
’79bf6a7,Yuu177,2022-02-27 13:25:26 +0800,第 282 场周赛总结’
’513d7b8,Panyu Tan,2022-02-25 20:17:41 +0800,添加 go monkey’
’7445263,Panyu Tan,2022-02-25 11:32:45 +0800,添加测试框架 httpmock 内容’
’e55cb82,Yuu177,2022-02-24 17:34:53 +0800,Update README.md’
’9593f2e,Yuu177,2022-02-24 17:32:13 +0800,Update README.md’
’2ccb0cc,Panyu Tan,2022-02-24 17:20:59 +0800,补充 go monkey’
’7b0fdb1,Panyu Tan,2022-02-23 18:33:44 +0800,添加 go mock 内容’
’09919c5,Panyu Tan,2022-02-22 20:05:49 +0800,补充 go test’
’758eb4d,Yuu177,2022-02-19 17:06:01 +0800,补充算法’
’3f6a05b,Panyu Tan,2022-02-18 19:41:35 +0800,补充’
’bb48f13,Panyu Tan,2022-02-17 20:26:33 +0800,init’
’92af44c,Panyu Tan,2022-02-16 19:35:30 +0800,init’
’a025697,Yuu177,2022-02-17 20:27:28 +0800,Update README.md’
’98fe76b,Yuu177,2022-02-17 20:27:04 +0800,Initial commit’